{"lr":0.000181653042688465,"_wandb":{"runtime":305},"training loss":4.227909088134766,"step":2000,"val_loss":4.215569257736206,"_runtime":305,"_timestamp":1.7639647866315029e+09,"_step":204,"grad_l2_norm":0.019769910722970963}