{"lr":3.0000029767096525e-06,"val_loss":3.5903352737426757,"training loss":3.578531265258789,"_timestamp":1.7639796746306736e+09,"grad_l2_norm":0.022213757038116455,"_step":6770,"_wandb":{"runtime":13904},"_runtime":13904,"step":66060}